Name,Position,Minutes,Tries,Try Assists,Try Contributions,Carries,Meters,Defenders Beaten,Linebreaks,Offloads,Tackles,Missed Tackles,Turnovers Won,Turnovers Lost,Penalties,Kicks,Passes,Dominant Tackles,Starter,Opponent,Date,For,Against,Posession,Territory,Result
Aaron Cruden,First Five,25,0,0,1,3,23,0,1,0,3,0,0.0,0,0.0,1.0,5,,Bench,Ireland,6-Nov-16,29,40,49,51,Non-Win
Aaron Cruden,First Five,21,0,0,0,2,7,1,0,1,1,0,0.0,0,1.0,1.0,1,,Bench,Lions,1-Jul-17,21,24,61,58,Non-Win
Aaron Cruden,First Five,8,0,0,0,1,2,0,0,0,0,0,0.0,0,0.0,0.0,3,,Bench,Lions,8-Jul-17,15,15,51,56,Non-Win
Aaron Smith,Halfback,45,0,0,1,3,3,0,0,0,3,2,0.0,0,1.0,3.0,43,,Starter,Ireland,6-Nov-16,29,40,49,51,Non-Win
Aaron Smith,Halfback,65,0,0,0,1,1,0,0,0,1,0,0.0,0,1.0,10.0,53,,Starter,Lions,1-Jul-17,21,24,61,58,Non-Win
Aaron Smith,Halfback,73,0,0,2,5,2,0,0,0,3,1,0.0,0,0.0,7.0,72,,Starter,Lions,8-Jul-17,15,15,51,56,Non-Win
Aaron Smith,Halfback,64,0,1,1,1,20,0,1,0,3,0,1.0,0,0.0,7.0,36,,Starter,Australia,21-Oct-17,18,23,43,52,Non-Win
Aaron Smith,Halfback,49,1,0,2,6,33,1,1,0,1,1,0.0,1,0.0,0.0,78,,Starter,South Africa,15-Sep-18,34,36,75,57,Non-Win
Aaron Smith,Halfback,57,0,0,0,0,0,0,0,0,13,2,0.0,0,0.0,3.0,56,,Starter,Scotland,18-Nov-18,9,16,48,52,Non-Win
Aaron Smith,Halfback,21,0,0,0,2,4,1,1,0,5,0,,0,0.0,,38,,Bench,South Africa,27-Jul-19,16,16,57,59,Non-Win
Aaron Smith,Halfback,62,0,1,3,2,23,2,2,0,9,3,,1,0.0,,46,,Starter,Australia,10-Aug-19,26,47,35,24,Non-Win
Aaron Smith,Halfback,55,0,0,0,3,3,1,0,0,7,1,,1,1.0,,45,,Starter,England,26-Oct-19,7,19,44,38,Non-Win
Aaron Smith,Halfback,63,0,0,0,3,0,0,0,0,5,1,,0,0.0,,52,,Starter,Argentina,14-Nov-20,15,25,45,46,Non-Win
Aaron Smith,Halfback,60,0,1,2,5,14,1,0,1,6,1,,0,0.0,,0,,Starter,France,21-Nov-21,25,40,53,47,Non-Win
Aaron Smith,Halfback,61,0,0,0,1,4,0,0,0,4,1,0.0,0,0.0,2.0,64,0.0,Starter,Ireland,9-Jul-22,12,23,53,38,Non-Win
Aaron Smith,Halfback,61,0,1,2,2,0,1,0,0,0,0,0.0,1,1.0,4.0,72,0.0,Starter,Ireland,16-Jul-22,22,32,49,57,Non-Win
Aaron Smith,Halfback,69,0,0,0,0,0,0,0,0,4,3,0.0,1,0.0,2.0,54,0.0,Starter,South Africa,7-Aug-22,10,26,45,31,Non-Win
Aaron Smith,Halfback,62,0,0,0,0,0,0,0,0,1,1,0.0,1,0.0,4.0,60,0.0,Starter,Argentina,27-Aug-22,18,25,60,59,Non-Win
Aaron Smith,Halfback,62,0,0,1,3,4,0,1,0,6,1,0.0,0,1.0,3.0,55,1.0,Starter,England,20-Nov-22,25,25,46,40,Non-Win
Aaron Smith,Halfback,60,0,0,0,6,17,0,0,0,1,2,0.0,0,0.0,2.0,59,1.0,Starter,South Africa,26-Aug-23,7,35,53,49,Non-Win
Aaron Smith,Halfback,62,0,0,1,1,10,0,0,0,5,3,0.0,0,0.0,3.0,48,3.0,Starter,France,9-Sep-23,13,27,48,39,Non-Win
Aaron Smith,Halfback,65,0,0,1,6,21,2,1,0,3,0,0.0,1,0.0,12.0,81,0.0,Starter,South Africa,29-Oct-23,11,12,60,51,Non-Win
Aidan Ross,Prop,20,0,0,0,2,1,0,0,0,3,1,0.0,1,1.0,0.0,0,0.0,Bench,Ireland,9-Jul-22,12,23,53,38,Non-Win
Akira Ioane,Blindside,28,0,0,0,3,15,2,0,0,5,0,0.0,0,0.0,0.0,0,,Starter,Australia,7-Nov-20,22,24,48,49,Non-Win
Akira Ioane,Blindside,80,0,0,0,4,5,0,0,1,6,2,,1,2.0,,2,,Starter,South Africa,2-Oct-21,29,31,47,43,Non-Win
Akira Ioane,Blindside,18,0,0,0,3,18,3,0,0,3,0,,0,0.0,,1,,Bench,Ireland,14-Nov-21,20,29,40,35,Non-Win
Akira Ioane,Blindside,61,0,0,0,5,10,1,0,0,7,1,,0,0.0,,0,,Starter,France,21-Nov-21,25,40,53,47,Non-Win
Akira Ioane,Blindside,80,1,0,0,22,73,6,1,0,11,1,0.0,1,1.0,0.0,2,1.0,Starter,Ireland,16-Jul-22,22,32,49,57,Non-Win
Akira Ioane,Blindside,55,0,0,0,5,10,0,0,0,8,0,0.0,1,0.0,0.0,5,0.0,Starter,South Africa,7-Aug-22,10,26,45,31,Non-Win
Akira Ioane,Blindside,15,0,0,0,7,6,1,0,0,2,0,0.0,0,0.0,0.0,1,0.0,Bench,Argentina,27-Aug-22,18,25,60,59,Non-Win
Alex Hodgman,Prop,29,0,0,0,0,0,0,0,0,7,1,0.0,0,1.0,0.0,0,,Bench,Australia,7-Nov-20,22,24,48,49,Non-Win
Alex Hodgman,Prop,0,0,0,0,1,0,0,0,0,2,0,,0,0.0,,0,,Bench,Argentina,14-Nov-20,15,25,45,46,Non-Win
Angus Ta'avao,Prop,35,0,0,0,4,2,0,0,1,5,0,,0,0.0,,1,,Bench,South Africa,27-Jul-19,16,16,57,59,Non-Win
Angus Ta'avao,Prop,30,0,0,0,5,1,0,0,0,5,0,,1,0.0,,0,,Bench,Australia,10-Aug-19,26,47,35,24,Non-Win
Angus Ta'avao,Prop,25,0,0,0,1,0,0,0,0,0,0,,1,1.0,,1,,Bench,England,26-Oct-19,7,19,44,38,Non-Win
Angus Ta'avao,Prop,5,0,0,0,0,0,0,0,0,1,0,0.0,0,1.0,0.0,0,0.0,Bench,Ireland,9-Jul-22,12,23,53,38,Non-Win
Angus Ta'avao,Prop,47,0,0,0,2,0,0,0,0,10,0,0.0,1,2.0,0.0,4,0.0,Starter,South Africa,7-Aug-22,10,26,45,31,Non-Win
Anton Lienert-Brown,Center,80,0,0,0,6,17,2,0,0,3,1,0.0,0,0.0,0.0,2,,Starter,Lions,1-Jul-17,21,24,61,58,Non-Win
Anton Lienert-Brown,Center,80,0,1,1,5,26,1,1,0,4,1,0.0,1,1.0,0.0,4,,Starter,Lions,8-Jul-17,15,15,51,56,Non-Win
Anton Lienert-Brown,Second Five,11,0,0,1,0,0,0,0,0,1,0,0.0,0,0.0,0.0,0,,Bench,Australia,21-Oct-17,18,23,43,52,Non-Win
Anton Lienert-Brown,Center,58,0,1,1,7,36,3,2,2,2,1,0.0,1,0.0,0.0,8,,Starter,South Africa,15-Sep-18,34,36,75,57,Non-Win
Anton Lienert-Brown,Second Five,19,0,0,0,7,9,2,0,0,0,0,0.0,0,0.0,0.0,1,,Bench,Scotland,18-Nov-18,9,16,48,52,Non-Win
Anton Lienert-Brown,Second Five,21,0,0,0,3,9,3,1,0,2,0,,0,0.0,,4,,Bench,South Africa,27-Jul-19,16,16,57,59,Non-Win
Anton Lienert-Brown,Second Five,80,1,0,0,14,42,8,0,3,10,1,,2,1.0,,10,,Starter,Australia,10-Aug-19,26,47,35,24,Non-Win
Anton Lienert-Brown,Second Five,80,0,0,0,16,67,6,0,2,16,1,,2,0.0,,5,,Starter,England,26-Oct-19,7,19,44,38,Non-Win
Anton Lienert-Brown,Center,80,0,0,0,3,15,2,0,0,11,2,0.0,0,1.0,0.0,0,,Starter,Australia,7-Nov-20,22,24,48,49,Non-Win
Anton Lienert-Brown,Center,71,0,0,0,8,11,0,0,1,6,0,,0,0.0,,5,,Starter,Argentina,14-Nov-20,15,25,45,46,Non-Win
Anton Lienert-Brown,Center,80,0,0,0,6,56,2,1,0,7,1,,1,2.0,,1,,Starter,South Africa,2-Oct-21,29,31,47,43,Non-Win
Anton Lienert-Brown,Second Five,39,0,0,0,2,7,1,0,0,9,0,,1,0.0,,2,,Starter,Ireland,14-Nov-21,20,29,40,35,Non-Win
Anton Lienert-Brown,Center,8,0,0,0,0,0,0,0,0,3,0,0.0,0,0.0,0.0,0,0.0,Bench,England,20-Nov-22,25,25,46,40,Non-Win
Anton Lienert-Brown,Center,18,0,0,0,1,0,0,0,0,0,1,0.0,1,0.0,0.0,1,0.0,Bench,South Africa,26-Aug-23,7,35,53,49,Non-Win
Anton Lienert-Brown,Second Five,62,0,0,0,2,2,0,0,0,3,1,0.0,0,0.0,0.0,5,0.0,Starter,France,9-Sep-23,13,27,48,39,Non-Win
Anton Lienert-Brown,Second Five,10,0,0,0,2,31,2,0,0,0,0,0.0,1,0.0,0.0,1,0.0,Bench,South Africa,29-Oct-23,11,12,60,51,Non-Win
Ardie Savea,Openside,21,0,0,0,3,11,1,0,0,3,1,0.0,0,0.0,0.0,1,,Bench,Ireland,6-Nov-16,29,40,49,51,Non-Win
Ardie Savea,Openside,17,0,0,0,5,21,2,0,0,3,0,0.0,0,0.0,0.0,1,,Bench,Lions,1-Jul-17,21,24,61,58,Non-Win
Ardie Savea,Openside,21,0,0,0,3,3,0,0,0,2,0,0.0,1,0.0,0.0,0,,Bench,Lions,8-Jul-17,15,15,51,56,Non-Win
Ardie Savea,Openside,6,0,0,0,0,0,0,0,0,2,0,0.0,0,0.0,0.0,0,,Bench,Australia,21-Oct-17,18,23,43,52,Non-Win
Ardie Savea,Openside,12,1,0,0,7,5,1,0,2,0,0,0.0,0,0.0,0.0,6,,Bench,South Africa,15-Sep-18,34,36,75,57,Non-Win
Ardie Savea,Openside,73,0,0,0,8,23,2,0,0,14,0,1.0,0,1.0,1.0,5,,Starter,Scotland,18-Nov-18,9,16,48,52,Non-Win
Ardie Savea,Blindside,80,0,0,0,9,60,4,1,2,17,1,,0,2.0,,6,,Starter,Australia,10-Aug-19,26,47,35,24,Non-Win
Ardie Savea,Openside,80,1,0,0,9,24,5,0,0,19,0,,2,0.0,,5,,Starter,England,26-Oct-19,7,19,44,38,Non-Win
Ardie Savea,Number 8,80,0,0,0,10,53,5,2,0,12,1,0.0,0,1.0,0.0,1,,Starter,Australia,7-Nov-20,22,24,48,49,Non-Win
Ardie Savea,Number 8,80,0,0,0,9,20,1,0,2,4,0,,0,1.0,,10,,Starter,Argentina,14-Nov-20,15,25,45,46,Non-Win
Ardie Savea,Openside,80,1,0,1,8,35,4,0,1,10,0,,0,0.0,,3,,Starter,South Africa,2-Oct-21,29,31,47,43,Non-Win
Ardie Savea,Number 8,80,0,0,0,8,14,3,0,1,14,0,,2,0.0,,8,,Starter,Ireland,14-Nov-21,20,29,40,35,Non-Win
Ardie Savea,Number 8,70,1,0,0,13,59,2,0,0,8,2,,1,1.0,,0,,Starter,France,21-Nov-21,25,40,53,47,Non-Win
Ardie Savea,Number 8,32,0,0,0,4,6,0,0,0,3,0,0.0,0,0.0,0.0,4,0.0,Starter,Ireland,9-Jul-22,12,23,53,38,Non-Win
Ardie Savea,Number 8,80,1,1,1,25,57,5,0,3,9,0,1.0,1,1.0,0.0,13,1.0,Starter,Ireland,16-Jul-22,22,32,49,57,Non-Win
Ardie Savea,Number 8,80,0,0,0,16,27,0,0,2,10,0,1.0,1,0.0,0.0,11,0.0,Starter,South Africa,7-Aug-22,10,26,45,31,Non-Win
Ardie Savea,Number 8,80,0,0,1,14,28,1,0,1,10,0,0.0,0,0.0,0.0,9,1.0,Starter,Argentina,27-Aug-22,18,25,60,59,Non-Win
Ardie Savea,Number 8,80,0,0,0,8,13,1,0,0,16,0,2.0,0,1.0,0.0,2,0.0,Starter,England,20-Nov-22,25,25,46,40,Non-Win
Ardie Savea,Number 8,80,0,0,0,16,29,4,0,2,6,0,0.0,1,0.0,0.0,12,0.0,Starter,South Africa,26-Aug-23,7,35,53,49,Non-Win
Ardie Savea,Number 8,80,0,0,0,20,38,4,0,2,7,0,0.0,1,0.0,2.0,9,0.0,Starter,France,9-Sep-23,13,27,48,39,Non-Win
Ardie Savea,Number 8,80,0,0,0,29,45,4,1,1,9,0,0.0,0,1.0,0.0,11,1.0,Starter,South Africa,29-Oct-23,11,12,60,51,Non-Win
Asafo Aumua,Hooker,10,0,0,0,0,0,0,0,0,1,0,0.0,0,1.0,0.0,0,,Bench,Australia,7-Nov-20,22,24,48,49,Non-Win
Asafo Aumua,Hooker,22,0,0,0,2,6,0,0,1,2,0,,0,0.0,,1,,Bench,South Africa,2-Oct-21,29,31,47,43,Non-Win
Atu Moli,Prop,30,0,0,0,5,4,0,0,0,4,3,,1,0.0,,1,,Bench,Australia,10-Aug-19,26,47,35,24,Non-Win
Beauden Barrett,First Five,80,0,1,3,14,53,2,0,2,4,1,0.0,3,1.0,8.0,30,,Starter,Ireland,6-Nov-16,29,40,49,51,Non-Win
Beauden Barrett,First Five,80,0,0,0,8,27,3,0,0,4,1,0.0,0,0.0,15.0,7,,Starter,Lions,1-Jul-17,21,24,61,58,Non-Win
Beauden Barrett,First Five,80,0,0,2,22,78,3,1,3,3,0,0.0,3,1.0,8.0,21,,Starter,Lions,8-Jul-17,15,15,51,56,Non-Win
Beauden Barrett,First Five,80,0,2,2,19,15,1,0,2,3,2,0.0,1,0.0,13.0,41,,Starter,South Africa,15-Sep-18,34,36,75,57,Non-Win
Beauden Barrett,First Five,80,0,0,0,26,49,4,1,2,8,4,0.0,4,0.0,10.0,27,,Starter,Scotland,18-Nov-18,9,16,48,52,Non-Win
Beauden Barrett,Fullback,80,0,1,1,21,87,6,2,0,0,1,,3,0.0,,22,,Starter,South Africa,27-Jul-19,16,16,57,59,Non-Win
Beauden Barrett,Fullback,80,1,0,3,11,47,3,2,0,2,3,,0,0.0,,24,,Starter,Australia,10-Aug-19,26,47,35,24,Non-Win
Beauden Barrett,Fullback,80,0,0,0,21,105,4,2,3,2,1,,3,0.0,,29,,Starter,England,26-Oct-19,7,19,44,38,Non-Win
Beauden Barrett,First Five,80,0,0,0,8,28,2,0,2,6,3,0.0,1,0.0,12.0,17,,Starter,Australia,7-Nov-20,22,24,48,49,Non-Win
Beauden Barrett,Fullback,80,0,1,1,10,47,0,0,2,3,1,,1,1.0,,13,,Starter,Argentina,14-Nov-20,15,25,45,46,Non-Win
Beauden Barrett,First Five,66,0,1,2,6,33,3,1,1,3,1,,1,1.0,,17,,Starter,South Africa,2-Oct-21,29,31,47,43,Non-Win
Beauden Barrett,First Five,22,0,0,0,2,2,1,0,0,4,1,,1,0.0,,2,,Starter,Ireland,14-Nov-21,20,29,40,35,Non-Win
Beauden Barrett,First Five,56,1,0,0,2,6,1,0,0,6,0,0.0,0,0.0,8.0,11,0.0,Starter,Ireland,9-Jul-22,12,23,53,38,Non-Win
Beauden Barrett,First Five,80,0,0,0,17,75,4,1,0,5,3,0.0,1,1.0,8.0,19,0.0,Starter,Ireland,16-Jul-22,22,32,49,57,Non-Win
Beauden Barrett,First Five,74,0,0,0,18,67,4,0,1,5,0,1.0,2,1.0,5.0,11,0.0,Starter,South Africa,7-Aug-22,10,26,45,31,Non-Win
Beauden Barrett,Fullback,70,0,0,1,7,17,3,0,1,1,1,0.0,0,0.0,5.0,5,0.0,Starter,England,20-Nov-22,25,25,46,40,Non-Win
Beauden Barrett,Fullback,80,0,0,0,10,22,1,0,0,2,2,0.0,0,0.0,4.0,9,1.0,Starter,South Africa,26-Aug-23,7,35,53,49,Non-Win
Beauden Barrett,Fullback,80,0,1,1,24,123,2,0,1,3,1,1.0,3,0.0,18.0,12,1.0,Starter,France,9-Sep-23,13,27,48,39,Non-Win
Beauden Barrett,Fullback,80,1,0,0,14,50,1,1,0,3,1,1.0,5,0.0,8.0,17,0.0,Starter,South Africa,29-Oct-23,11,12,60,51,Non-Win
Ben Smith,Fullback,80,1,0,0,11,54,3,1,2,3,0,1.0,0,0.0,1.0,11,,Starter,Ireland,6-Nov-16,29,40,49,51,Non-Win
Ben Smith,Wing,80,0,1,1,10,73,7,3,1,3,2,1.0,0,0.0,0.0,7,,Starter,South Africa,15-Sep-18,34,36,75,57,Non-Win
Ben Smith,Wing,80,0,0,0,11,50,3,1,0,6,1,0.0,3,0.0,2.0,5,,Starter,Scotland,18-Nov-18,9,16,48,52,Non-Win
Ben Smith,Wing,80,0,0,0,11,28,3,1,1,3,2,,1,1.0,,4,,Starter,South Africa,27-Jul-19,16,16,57,59,Non-Win
Ben Smith,Wing,64,0,0,0,6,34,2,1,1,11,2,,1,0.0,,6,,Starter,Australia,10-Aug-19,26,47,35,24,Non-Win
Brad Weber,Halfback,4,0,1,s,1,2,0,0,0,0,0,0.0,0,0.0,0.0,9,,Bench,Australia,7-Nov-20,22,24,48,49,Non-Win
Brad Weber,Halfback,17,0,0,1,1,0,0,0,0,0,0,,1,0.0,,33,,Bench,Argentina,14-Nov-20,15,25,45,46,Non-Win
Brad Weber,Halfback,58,1,0,2,3,6,0,0,0,7,0,,1,0.0,,41,,Starter,South Africa,2-Oct-21,29,31,47,43,Non-Win
Brad Weber,Halfback,20,0,0,0,1,0,0,0,0,2,0,,0,0.0,,0,,Bench,France,21-Nov-21,25,40,53,47,Non-Win
Brodie Retallick,Lock,80,0,0,0,4,15,0,0,0,5,0,0.0,0,2.0,0.0,2,,Starter,Lions,1-Jul-17,21,24,61,58,Non-Win
Brodie Retallick,Lock,80,0,0,0,5,19,0,0,0,7,0,0.0,0,1.0,0.0,3,,Starter,Lions,8-Jul-17,15,15,51,56,Non-Win
Brodie Retallick,Lock,80,0,0,0,9,9,0,0,0,14,0,0.0,3,1.0,0.0,5,,Starter,Scotland,18-Nov-18,9,16,48,52,Non-Win
Brodie Retallick,Lock,61,0,0,0,4,0,1,0,0,3,0,,0,0.0,,2,,Starter,South Africa,27-Jul-19,16,16,57,59,Non-Win
Brodie Retallick,Lock,80,0,0,0,10,48,3,1,0,7,3,,1,1.0,,6,,Starter,England,26-Oct-19,7,19,44,38,Non-Win
Brodie Retallick,Lock,80,0,0,0,6,0,1,0,0,8,1,,0,2.0,,1,,Starter,South Africa,2-Oct-21,29,31,47,43,Non-Win
Brodie Retallick,Lock,80,0,0,0,5,2,1,0,1,17,0,,0,1.0,,3,,Starter,Ireland,14-Nov-21,20,29,40,35,Non-Win
Brodie Retallick,Lock,80,0,0,1,4,9,0,0,0,12,1,,1,1.0,,0,,Starter,France,21-Nov-21,25,40,53,47,Non-Win
Brodie Retallick,Lock,68,0,0,0,10,10,0,0,0,9,0,1.0,0,2.0,0.0,3,2.0,Starter,Ireland,9-Jul-22,12,23,53,38,Non-Win
Brodie Retallick,Lock,50,0,0,0,6,25,1,0,0,7,1,0.0,1,0.0,0.0,4,0.0,Starter,Ireland,16-Jul-22,22,32,49,57,Non-Win
Brodie Retallick,Lock,80,0,0,0,3,0,0,0,0,16,1,3.0,0,2.0,0.0,0,0.0,Starter,England,20-Nov-22,25,25,46,40,Non-Win
Brodie Retallick,Lock,12,0,0,0,0,0,0,0,0,0,0,0.0,0,0.0,0.0,2,0.0,Bench,France,9-Sep-23,13,27,48,39,Non-Win
Brodie Retallick,Lock,70,0,0,0,7,2,0,0,0,6,0,0.0,0,0.0,0.0,12,0.0,Starter,South Africa,29-Oct-23,11,12,60,51,Non-Win
Caleb Clarke,Wing,80,1,0,0,14,65,4,1,0,0,0,,1,1.0,,3,,Starter,Argentina,14-Nov-20,15,25,45,46,Non-Win
Caleb Clarke,Wing,80,0,0,0,10,83,2,1,0,10,0,0.0,3,1.0,0.0,3,0.0,Starter,South Africa,7-Aug-22,10,26,45,31,Non-Win
Caleb Clarke,Wing,80,1,0,0,13,47,1,0,0,2,0,0.0,0,0.0,0.0,4,0.0,Starter,Argentina,27-Aug-22,18,25,60,59,Non-Win
Caleb Clarke,Wing,72,0,1,1,6,42,2,3,0,6,1,0.0,3,1.0,1.0,2,0.0,Starter,England,20-Nov-22,25,25,46,40,Non-Win
Cam Roigard,Halfback,20,1,0,0,7,96,8,2,1,2,1,0.0,1,0.0,3.0,28,0.0,Bench,South Africa,26-Aug-23,7,35,53,49,Non-Win
Charlie Faumuina,Prop,21,0,0,0,1,1,0,0,0,2,0,0.0,2,0.0,0.0,1,,Bench,Ireland,6-Nov-16,29,40,49,51,Non-Win
Charlie Faumuina,Prop,28,0,0,0,0,0,0,0,0,0,0,0.0,0,1.0,0.0,0,,Bench,Lions,1-Jul-17,21,24,61,58,Non-Win
Charlie Faumuina,Prop,23,0,0,0,2,3,0,0,0,1,0,0.0,0,0.0,0.0,0,,Bench,Lions,8-Jul-17,15,15,51,56,Non-Win
Codie Taylor,Hooker,9,0,0,0,0,0,0,0,0,0,0,0.0,0,0.0,0.0,1,,Bench,Ireland,6-Nov-16,29,40,49,51,Non-Win
Codie Taylor,Hooker,79,0,0,0,8,6,1,0,0,5,0,0.0,0,0.0,0.0,0,,Starter,Lions,1-Jul-17,21,24,61,58,Non-Win
Codie Taylor,Hooker,72,0,0,0,4,7,0,0,0,12,1,0.0,0,0.0,0.0,1,,Starter,Lions,8-Jul-17,15,15,51,56,Non-Win
Codie Taylor,Hooker,20,0,0,0,2,0,0,0,0,6,0,0.0,1,0.0,0.0,1,,Bench,Australia,21-Oct-17,18,23,43,52,Non-Win
Codie Taylor,Hooker,75,1,0,1,11,33,1,0,0,4,0,0.0,1,0.0,0.0,4,,Starter,South Africa,15-Sep-18,34,36,75,57,Non-Win
Codie Taylor,Hooker,46,0,0,0,3,12,0,0,0,7,0,0.0,0,0.0,0.0,1,,Starter,Scotland,18-Nov-18,9,16,48,52,Non-Win
Codie Taylor,Hooker,61,0,0,0,5,8,0,1,0,9,1,,0,0.0,,3,,Starter,South Africa,27-Jul-19,16,16,57,59,Non-Win
Codie Taylor,Hooker,24,0,0,0,5,29,0,2,0,5,0,,1,0.0,,4,,Bench,Australia,10-Aug-19,26,47,35,24,Non-Win
Codie Taylor,Hooker,50,0,0,0,4,14,0,0,0,11,0,,2,0.0,,1,,Starter,England,26-Oct-19,7,19,44,38,Non-Win
Codie Taylor,Hooker,70,1,0,0,8,9,0,0,0,10,0,0.0,0,0.0,0.0,3,,Starter,Australia,7-Nov-20,22,24,48,49,Non-Win
Codie Taylor,Hooker,32,0,0,0,3,15,0,1,0,4,0,,0,0.0,,6,,Bench,Argentina,14-Nov-20,15,25,45,46,Non-Win
Codie Taylor,Hooker,58,0,0,0,3,7,0,1,0,11,0,,1,0.0,,0,,Starter,South Africa,2-Oct-21,29,31,47,43,Non-Win
Codie Taylor,Hooker,43,1,0,0,3,29,2,0,1,18,1,,0,1.0,,3,,Starter,Ireland,14-Nov-21,20,29,40,35,Non-Win
Codie Taylor,Hooker,56,0,0,0,11,17,0,0,0,7,2,0.0,0,1.0,0.0,1,0.0,Starter,Ireland,9-Jul-22,12,23,53,38,Non-Win
Codie Taylor,Hooker,61,0,0,0,11,10,3,0,0,1,2,0.0,1,0.0,0.0,6,0.0,Starter,Ireland,16-Jul-22,22,32,49,57,Non-Win
Codie Taylor,Hooker,36,0,0,0,5,4,0,0,0,2,0,0.0,1,1.0,0.0,0,0.0,Bench,Argentina,27-Aug-22,18,25,60,59,Non-Win
Codie Taylor,Hooker,57,1,0,0,9,6,0,0,0,10,0,0.0,0,1.0,0.0,2,0.0,Starter,England,20-Nov-22,25,25,46,40,Non-Win
Codie Taylor,Hooker,56,0,0,0,5,3,0,0,0,5,1,0.0,1,0.0,0.0,2,0.0,Starter,France,9-Sep-23,13,27,48,39,Non-Win
Codie Taylor,Hooker,65,0,0,0,4,25,2,1,0,11,1,1.0,0,0.0,0.0,2,0.0,Starter,South Africa,29-Oct-23,11,12,60,51,Non-Win
Cullen Grace,Number 8,2,0,0,0,0,0,0,0,0,0,0,0.0,0,0.0,0.0,0,,Bench,Australia,7-Nov-20,22,24,48,49,Non-Win
Dalton Papali'i,Openside,3,0,0,0,0,0,0,0,0,1,0,,0,0.0,,0,,Bench,South Africa,27-Jul-19,16,16,57,59,Non-Win
Dalton Papali'i,Openside,80,0,1,1,2,17,2,1,0,26,1,,0,1.0,,3,,Starter,Ireland,14-Nov-21,20,29,40,35,Non-Win
Dalton Papali'i,Blindside,58,0,0,0,6,14,1,0,0,5,0,0.0,1,1.0,0.0,2,0.0,Starter,Ireland,9-Jul-22,12,23,53,38,Non-Win
Dalton Papali'i,Openside,17,0,0,0,1,3,0,0,0,4,0,0.0,0,0.0,0.0,1,0.0,Bench,Ireland,16-Jul-22,22,32,49,57,Non-Win
Dalton Papali'i,Openside,72,1,0,0,6,60,1,1,0,13,0,1.0,0,2.0,0.0,1,0.0,Starter,England,20-Nov-22,25,25,46,40,Non-Win
Dalton Papali'i,Openside,18,0,0,0,2,0,0,0,0,4,1,0.0,0,0.0,0.0,0,0.0,Bench,South Africa,26-Aug-23,7,35,53,49,Non-Win
Dalton Papali'i,Openside,80,0,0,0,8,36,0,1,0,12,0,0.0,1,2.0,0.0,2,1.0,Starter,France,9-Sep-23,13,27,48,39,Non-Win
Dalton Papali'i,Openside,10,0,0,0,1,17,0,1,0,0,0,0.0,0,0.0,0.0,0,0.0,Bench,South Africa,29-Oct-23,11,12,60,51,Non-Win
Damian McKenzie,Fullback,80,0,0,0,8,44,1,1,0,3,0,0.0,1,0.0,6.0,11,,Starter,Australia,21-Oct-17,18,23,43,52,Non-Win
Damian McKenzie,Fullback,55,0,0,0,10,12,2,1,2,4,1,0.0,2,0.0,3.0,11,,Starter,Scotland,18-Nov-18,9,16,48,52,Non-Win
Damian McKenzie,Fullback,22,0,0,0,7,63,2,2,1,0,0,0.0,1,0.0,0.0,3,,Bench,South Africa,15-Sep-18,34,36,75,57,Non-Win
Damian McKenzie,Fullback,10,0,0,0,1,0,0,0,1,2,0,0.0,0,0.0,0.0,2,,Bench,Australia,7-Nov-20,22,24,48,49,Non-Win
Damian McKenzie,Fullback,16,0,0,0,3,10,0,0,0,0,0,,0,0.0,,2,,Bench,Argentina,14-Nov-20,15,25,45,46,Non-Win
Damian McKenzie,Fullback,14,0,0,0,2,11,1,0,0,0,1,,0,0.0,,0,,Bench,South Africa,2-Oct-21,29,31,47,43,Non-Win
Damian McKenzie,First Five,9,0,0,0,3,2,0,0,0,0,1,,1,0.0,,0,,Bench,France,21-Nov-21,25,40,53,47,Non-Win
Damian McKenzie,First Five,6,0,0,0,3,28,2,0,1,0,0,0.0,0,0.0,0.0,6,0.0,Bench,South Africa,29-Oct-23,11,12,60,51,Non-Win
Dane Coles,Hooker,80,0,1,2,6,28,0,1,1,8,0,0.0,0,3.0,0.0,5,,Starter,Ireland,6-Nov-16,29,40,49,51,Non-Win
Dane Coles,Hooker,60,0,0,0,4,0,0,0,1,9,0,1.0,0,1.0,0.0,2,,Starter,Australia,21-Oct-17,18,23,43,52,Non-Win
Dane Coles,Hooker,34,0,0,0,4,7,0,0,0,0,0,0.0,0,0.0,0.0,0,,Bench,Scotland,18-Nov-18,9,16,48,52,Non-Win
Dane Coles,Hooker,19,0,0,0,6,35,1,2,0,1,0,,0,0.0,,5,,Bench,South Africa,27-Jul-19,16,16,57,59,Non-Win
Dane Coles,Hooker,56,0,0,1,5,27,1,1,1,15,2,,0,1.0,,3,,Starter,Australia,10-Aug-19,26,47,35,24,Non-Win
Dane Coles,Hooker,30,0,0,0,3,31,1,1,0,0,0,,0,1.0,,1,,Bench,England,26-Oct-19,7,19,44,38,Non-Win
Dane Coles,Hooker,48,0,0,0,2,5,1,0,0,4,0,,0,1.0,,1,,Starter,Argentina,14-Nov-20,15,25,45,46,Non-Win
Dane Coles,Hooker,27,0,0,0,3,18,1,0,0,4,0,,0,0.0,,2,,Bench,Ireland,14-Nov-21,20,29,40,35,Non-Win
Dane Coles,Hooker,48,0,0,0,6,19,1,0,3,5,0,,0,0.0,,0,,Starter,France,21-Nov-21,25,40,53,47,Non-Win
Dane Coles,Hooker,19,0,0,0,3,1,0,0,1,1,0,0.0,0,0.0,0.0,3,0.0,Bench,Ireland,16-Jul-22,22,32,49,57,Non-Win
Dane Coles,Hooker,25,0,0,0,1,0,0,0,0,1,0,0.0,1,0.0,0.0,3,0.0,Bench,South Africa,7-Aug-22,10,26,45,31,Non-Win
Dane Coles,Hooker,40,0,0,0,5,10,0,0,1,8,2,0.0,0,0.0,0.0,2,0.0,Starter,South Africa,26-Aug-23,7,35,53,49,Non-Win
David Havili,Second Five,29,0,0,0,2,8,0,0,1,3,0,0.0,0,0.0,0.0,3,,Bench,Australia,21-Oct-17,18,23,43,52,Non-Win
David Havili,Second Five,66,0,0,0,5,6,0,0,1,8,1,,0,0.0,,3,,Starter,South Africa,2-Oct-21,29,31,47,43,Non-Win
David Havili,Second Five,41,0,0,1,7,43,2,2,1,10,2,,1,1.0,,4,,Bench,Ireland,14-Nov-21,20,29,40,35,Non-Win
David Havili,Second Five,38,0,0,0,4,20,3,0,2,4,0,,1,1.0,,0,,Bench,France,21-Nov-21,25,40,53,47,Non-Win
David Havili,Second Five,80,0,0,0,7,24,1,0,0,5,0,0.0,0,0.0,4.0,10,1.0,Starter,Ireland,16-Jul-22,22,32,49,57,Non-Win
David Havili,Second Five,80,0,0,0,7,34,2,0,0,9,2,0.0,2,0.0,2.0,3,0.0,Starter,South Africa,7-Aug-22,10,26,45,31,Non-Win
David Havili,Second Five,80,0,0,1,8,13,0,0,0,6,0,0.0,1,1.0,1.0,6,0.0,Starter,Argentina,27-Aug-22,18,25,60,59,Non-Win
David Havili,Second Five,0,0,0,0,0,0,0,0,0,0,0,0.0,0,0.0,0.0,0,0.0,Bench,England,20-Nov-22,25,25,46,40,Non-Win
David Havili,Second Five,18,0,0,0,2,7,0,0,0,1,0,0.0,0,0.0,2.0,2,0.0,Bench,France,9-Sep-23,13,27,48,39,Non-Win
Ethan Blackadder,Blindside,30,0,0,0,1,0,0,0,0,8,0,,0,0.0,,2,,Bench,South Africa,2-Oct-21,29,31,47,43,Non-Win
Ethan Blackadder,Blindside,62,0,0,0,1,1,0,0,0,19,1,,0,1.0,,2,,Starter,Ireland,14-Nov-21,20,29,40,35,Non-Win
Ethan De Groot,Prop,19,0,0,0,2,0,1,0,0,1,0,0.0,0,0.0,0.0,2,0.0,Bench,South Africa,7-Aug-22,10,26,45,31,Non-Win
Ethan De Groot,Prop,44,0,0,0,1,0,0,0,0,3,2,1.0,0,1.0,0.0,1,0.0,Starter,Argentina,27-Aug-22,18,25,60,59,Non-Win
Ethan De Groot,Prop,60,0,0,0,6,2,0,0,0,7,0,0.0,0,0.0,0.0,3,0.0,Starter,England,20-Nov-22,25,25,46,40,Non-Win
Ethan De Groot,Prop,50,0,0,0,5,3,1,0,1,8,0,0.0,0,5.0,0.0,1,0.0,Starter,South Africa,26-Aug-23,7,35,53,49,Non-Win
Ethan De Groot,Prop,52,0,0,0,1,0,0,0,0,4,0,0.0,1,2.0,0.0,1,1.0,Starter,France,9-Sep-23,13,27,48,39,Non-Win
Ethan De Groot,Prop,65,0,0,0,7,2,0,0,0,7,2,0.0,0,1.0,0.0,1,0.0,Starter,South Africa,29-Oct-23,11,12,60,51,Non-Win
Finlay Christie,Halfback,0,0,0,0,0,0,0,0,0,0,0,,0,0.0,,0,,Bench,Ireland,14-Nov-21,20,29,40,35,Non-Win
Finlay Christie,Halfback,11,0,0,0,2,8,1,0,0,0,0,0.0,0,0.0,0.0,24,0.0,Bench,South Africa,7-Aug-22,10,26,45,31,Non-Win
Finlay Christie,Halfback,18,0,0,0,0,0,0,0,0,1,0,0.0,0,0.0,0.0,40,0.0,Bench,Argentina,27-Aug-22,18,25,60,59,Non-Win
Finlay Christie,Halfback,18,0,0,0,1,6,0,0,0,1,0,0.0,1,0.0,1.0,20,0.0,Bench,France,9-Sep-23,13,27,48,39,Non-Win
Finlay Christie,Halfback,15,0,0,0,0,0,0,0,0,1,0,0.0,0,0.0,2.0,21,0.0,Bench,South Africa,29-Oct-23,11,12,60,51,Non-Win
Fletcher Newell,Prop,36,0,0,0,7,2,0,0,0,0,0,0.0,0,0.0,0.0,1,0.0,Bench,Argentina,27-Aug-22,18,25,60,59,Non-Win
Fletcher Newell,Prop,67,0,0,0,2,0,0,0,0,6,0,0.0,0,1.0,0.0,1,0.0,Bench,South Africa,26-Aug-23,7,35,53,49,Non-Win
Fletcher Newell,Prop,28,0,0,0,0,0,0,0,0,4,1,0.0,0,1.0,0.0,0,0.0,Bench,France,9-Sep-23,13,27,48,39,Non-Win
Folau Fakatava,Halfback,19,0,0,1,3,9,0,0,0,0,1,0.0,1,0.0,1.0,22,0.0,Bench,Ireland,9-Jul-22,12,23,53,38,Non-Win
Folau Fakatava,Halfback,19,0,0,0,4,8,0,0,1,0,0,0.0,1,0.0,0.0,28,0.0,Bench,Ireland,16-Jul-22,22,32,49,57,Non-Win
George Bower,Prop,22,0,0,0,1,9,0,0,0,3,1,,0,0.0,,0,,Bench,South Africa,2-Oct-21,29,31,47,43,Non-Win
George Bower,Prop,32,0,0,0,1,5,0,0,0,4,3,,0,1.0,,0,,Bench,France,21-Nov-21,25,40,53,47,Non-Win
George Bower,Prop,63,0,0,0,8,13,2,1,0,7,2,0.0,0,1.0,0.0,1,0.0,Starter,Ireland,9-Jul-22,12,23,53,38,Non-Win
George Bower,Prop,71,0,0,0,3,0,0,0,0,8,1,0.0,0,0.0,0.0,2,1.0,Starter,Ireland,16-Jul-22,22,32,49,57,Non-Win
George Bower,Prop,61,0,0,0,4,2,0,0,0,11,0,0.0,0,2.0,0.0,0,1.0,Starter,South Africa,7-Aug-22,10,26,45,31,Non-Win
George Bower,Prop,36,0,0,0,12,18,1,1,0,3,1,0.0,0,0.0,0.0,3,0.0,Bench,Argentina,27-Aug-22,18,25,60,59,Non-Win
George Bower,Prop,20,0,0,0,0,0,0,0,0,4,1,0.0,0,0.0,0.0,0,1.0,Bench,England,20-Nov-22,25,25,46,40,Non-Win
George Bridge,Wing,19,0,0,0,3,18,0,1,0,1,0,,0,0.0,,2,,Bench,South Africa,27-Jul-19,16,16,57,59,Non-Win
George Bridge,Wing,16,0,0,0,3,20,0,0,0,0,0,,0,0.0,,0,,Bench,Australia,10-Aug-19,26,47,35,24,Non-Win
George Bridge,Wing,50,0,0,0,9,50,1,1,1,4,0,,1,0.0,,4,,Starter,England,26-Oct-19,7,19,44,38,Non-Win
George Bridge,Wing,80,0,0,0,10,44,3,0,0,4,2,,2,0.0,,0,,Starter,France,21-Nov-21,25,40,53,47,Non-Win
George Moala,Center,71,1,0,0,6,28,0,0,1,4,1,0.0,0,0.0,0.0,8,,Starter,Ireland,6-Nov-16,29,40,49,51,Non-Win
Hoskins Sotutu,Number 8,31,0,0,0,9,36,1,0,0,2,0,,1,1.0,,2,,Bench,Argentina,14-Nov-20,15,25,45,46,Non-Win
Hoskins Sotutu,Number 8,8,0,0,0,0,0,0,0,0,4,0,0.0,0,0.0,0.0,0,0.0,Bench,England,20-Nov-22,25,25,46,40,Non-Win
Israel Dagg,Fullback,80,0,0,0,11,45,0,1,0,1,1,0.0,2,0.0,3.0,0,,Starter,Lions,1-Jul-17,21,24,61,58,Non-Win
Israel Dagg,Wing,80,0,0,0,4,17,1,0,0,3,0,0.0,2,0.0,2.0,2,,Starter,Lions,8-Jul-17,15,15,51,56,Non-Win
Jack Goodhue,Center,22,0,0,0,7,40,5,1,0,0,0,0.0,0,0.0,0.0,3,,Bench,South Africa,15-Sep-18,34,36,75,57,Non-Win
Jack Goodhue,Center,80,0,0,0,10,22,3,0,1,16,0,1.0,0,0.0,1.0,5,,Starter,Scotland,18-Nov-18,9,16,48,52,Non-Win
Jack Goodhue,Center,80,1,0,0,11,56,7,2,1,4,1,,1,2.0,,9,,Starter,South Africa,27-Jul-19,16,16,57,59,Non-Win
Jack Goodhue,Center,19,0,1,1,3,16,1,1,0,3,1,,0,1.0,,0,,Starter,Australia,10-Aug-19,26,47,35,24,Non-Win
Jack Goodhue,Center,55,0,0,0,8,62,3,3,1,9,1,,2,1.0,,4,,Starter,England,26-Oct-19,7,19,44,38,Non-Win
Jack Goodhue,Second Five,64,0,0,0,6,17,1,0,2,5,0,,0,1.0,,2,,Starter,Argentina,14-Nov-20,15,25,45,46,Non-Win
Jerome Kaino,Lock,45,0,0,0,5,4,0,0,0,9,0,0.0,2,0.0,0.0,2,,Starter,Ireland,6-Nov-16,29,40,49,51,Non-Win
Jerome Kaino,Blindside,26,0,0,0,1,3,0,0,0,3,0,0.0,1,0.0,0.0,0,,Starter,Lions,1-Jul-17,21,24,61,58,Non-Win
Jerome Kaino,Blindside,70,0,0,0,7,9,0,0,0,8,1,0.0,0,1.0,0.0,1,,Starter,Lions,8-Jul-17,15,15,51,56,Non-Win
Joe Moody,Prop,49,0,0,0,3,1,0,0,0,5,0,0.0,0,3.0,0.0,1,,Starter,Ireland,6-Nov-16,29,40,49,51,Non-Win
Joe Moody,Prop,52,0,0,0,5,3,0,0,0,4,1,0.0,0,0.0,0.0,0,,Starter,Lions,1-Jul-17,21,24,61,58,Non-Win
Joe Moody,Prop,57,0,0,0,2,1,0,0,0,9,1,0.0,0,1.0,0.0,1,,Starter,Lions,8-Jul-17,15,15,51,56,Non-Win
Joe Moody,Prop,45,0,0,0,2,2,0,0,0,4,1,,1,0.0,,0,,Starter,South Africa,27-Jul-19,16,16,57,59,Non-Win
Joe Moody,Prop,50,0,0,0,1,3,0,0,0,11,2,,0,1.0,,0,,Starter,Australia,10-Aug-19,26,47,35,24,Non-Win
Joe Moody,Prop,63,0,0,0,1,1,0,0,0,13,1,,0,0.0,,0,,Starter,England,26-Oct-19,7,19,44,38,Non-Win
Joe Moody,Prop,80,0,0,0,6,9,0,0,0,6,1,,0,1.0,,2,,Starter,Argentina,14-Nov-20,15,25,45,46,Non-Win
Joe Moody,Prop,58,0,0,0,1,4,0,0,0,8,0,,1,1.0,,2,,Starter,South Africa,2-Oct-21,29,31,47,43,Non-Win
Joe Moody,Prop,53,0,0,0,3,2,0,0,0,17,1,,0,0.0,,1,,Starter,Ireland,14-Nov-21,20,29,40,35,Non-Win
Joe Moody,Prop,48,0,0,0,2,4,0,0,0,8,1,,0,1.0,,0,,Starter,France,21-Nov-21,25,40,53,47,Non-Win
Jordie Barrett,Fullback,80,1,1,1,12,67,3,3,1,2,2,0.0,3,0.0,3.0,11,,Starter,Lions,8-Jul-17,15,15,51,56,Non-Win
Jordie Barrett,Fullback,58,1,0,0,10,79,4,3,1,0,0,0.0,0,0.0,1.0,5,,Starter,South Africa,15-Sep-18,34,36,75,57,Non-Win
Jordie Barrett,Wing,30,0,0,0,6,20,1,0,0,0,0,,0,0.0,,6,,Bench,England,26-Oct-19,7,19,44,38,Non-Win
Jordie Barrett,Fullback,80,0,0,1,10,15,3,1,1,6,3,0.0,3,0.0,1.0,5,,Starter,Australia,7-Nov-20,22,24,48,49,Non-Win
Jordie Barrett,Wing,49,0,0,0,3,2,0,0,1,6,0,,1,1.0,,1,,Starter,Argentina,14-Nov-20,15,25,45,46,Non-Win
Jordie Barrett,Fullback,80,0,0,0,10,76,5,2,0,2,0,,2,1.0,,3,,Starter,South Africa,2-Oct-21,29,31,47,43,Non-Win
Jordie Barrett,Fullback,80,0,0,0,8,36,2,0,1,4,0,,1,0.0,,8,,Starter,Ireland,14-Nov-21,20,29,40,35,Non-Win
Jordie Barrett,Fullback,80,1,0,0,9,55,1,0,0,4,1,,2,0.0,,0,,Starter,France,21-Nov-21,25,40,53,47,Non-Win
Jordie Barrett,Fullback,80,0,1,1,7,51,4,0,1,2,0,0.0,1,0.0,3.0,9,0.0,Starter,Ireland,9-Jul-22,12,23,53,38,Non-Win
Jordie Barrett,Fullback,80,0,0,0,16,39,4,0,1,2,2,0.0,1,0.0,4.0,9,0.0,Starter,Ireland,16-Jul-22,22,32,49,57,Non-Win
Jordie Barrett,Fullback,51,0,0,0,3,26,3,1,1,3,0,0.0,1,0.0,4.0,7,0.0,Starter,South Africa,7-Aug-22,10,26,45,31,Non-Win
Jordie Barrett,Fullback,79,0,1,1,13,63,1,1,0,1,0,0.0,0,0.0,6.0,9,0.0,Starter,Argentina,27-Aug-22,18,25,60,59,Non-Win
Jordie Barrett,Second Five,80,0,0,0,11,17,3,0,2,11,1,0.0,0,1.0,3.0,7,0.0,Starter,England,20-Nov-22,25,25,46,40,Non-Win
Jordie Barrett,Second Five,80,0,0,0,12,27,3,0,1,9,3,0.0,2,0.0,3.0,5,0.0,Starter,South Africa,26-Aug-23,7,35,53,49,Non-Win
Jordie Barrett,Second Five,80,0,0,1,13,47,6,0,0,5,2,0.0,3,0.0,2.0,16,1.0,Starter,South Africa,29-Oct-23,11,12,60,51,Non-Win
Josh Lord,Lock,39,0,0,0,4,2,1,0,0,1,0,0.0,1,0.0,0.0,1,0.0,Bench,South Africa,26-Aug-23,7,35,53,49,Non-Win
Julian Savea,Wing,80,0,0,0,10,71,1,2,0,2,0,0.0,5,0.0,1.0,5,,Starter,Ireland,6-Nov-16,29,40,49,51,Non-Win
Julian Savea,Wing,72,0,0,0,9,78,7,2,1,4,1,0.0,3,0.0,0.0,3,,Starter,Lions,8-Jul-17,15,15,51,56,Non-Win
Kane Hames,Prop,37,0,0,0,4,2,0,0,1,8,0,0.0,0,0.0,0.0,1,,Starter,Australia,21-Oct-17,18,23,43,52,Non-Win
Karl Tuinukuafe,Prop,58,0,0,0,5,25,2,1,0,4,0,0.0,1,0.0,0.0,2,,Starter,South Africa,15-Sep-18,34,36,75,57,Non-Win
Karl Tuinukuafe,Prop,46,0,0,0,0,0,0,0,0,10,2,0.0,0,1.0,0.0,0,,Starter,Scotland,18-Nov-18,9,16,48,52,Non-Win
Karl Tuinukuafe,Prop,51,0,0,0,1,0,0,0,0,4,0,0.0,0,0.0,0.0,1,,Starter,Australia,7-Nov-20,22,24,48,49,Non-Win
Karl Tuinukuafe,Prop,27,0,0,0,1,2,0,0,0,2,0,,0,0.0,,1,,Bench,Ireland,14-Nov-21,20,29,40,35,Non-Win
Karl Tuinukuafe,Prop,9,0,0,0,0,0,0,0,0,3,0,1.0,0,0.0,0.0,0,0.0,Bench,Ireland,16-Jul-22,22,32,49,57,Non-Win
Kieran Read,Number 8,80,0,0,0,3,10,0,0,0,7,0,0.0,0,2.0,0.0,7,,Starter,Ireland,6-Nov-16,29,40,49,51,Non-Win
Kieran Read,Number 8,80,0,0,0,12,9,0,0,1,4,1,0.0,1,0.0,0.0,5,,Starter,Lions,1-Jul-17,21,24,61,58,Non-Win
Kieran Read,Number 8,80,0,0,0,8,8,1,0,0,12,3,0.0,0,1.0,0.0,4,,Starter,Lions,8-Jul-17,15,15,51,56,Non-Win
Kieran Read,Number 8,80,0,1,1,8,18,0,1,1,11,3,1.0,0,2.0,0.0,5,,Starter,Australia,21-Oct-17,18,23,43,52,Non-Win
Kieran Read,Number 8,80,0,0,0,26,13,0,0,2,5,0,2.0,1,0.0,0.0,7,,Starter,South Africa,15-Sep-18,34,36,75,57,Non-Win
Kieran Read,Number 8,80,0,0,0,15,19,0,0,0,17,0,1.0,1,2.0,0.0,5,,Starter,Scotland,18-Nov-18,9,16,48,52,Non-Win
Kieran Read,Number 8,80,0,0,0,10,13,1,1,0,13,0,,2,1.0,,10,,Starter,South Africa,27-Jul-19,16,16,57,59,Non-Win
Kieran Read,Number 8,80,0,1,2,7,7,0,0,0,22,6,,2,0.0,,9,,Starter,Australia,10-Aug-19,26,47,35,24,Non-Win
Kieran Read,Number 8,80,0,0,0,8,23,0,0,1,13,5,,0,0.0,,5,,Starter,England,26-Oct-19,7,19,44,38,Non-Win
Leicester Fainga'anuku,Wing,9,0,0,0,1,7,1,0,1,0,0,0.0,0,0.0,0.0,1,0.0,Bench,France,9-Sep-23,13,27,48,39,Non-Win
Leicester Fainga'anuku,Wing,39,0,0,0,2,16,0,0,0,1,0,0.0,2,1.0,0.0,2,0.0,Starter,Ireland,9-Jul-22,12,23,53,38,Non-Win
Liam Coltman,Hooker,5,0,0,0,1,0,0,0,0,0,0,0.0,0,0.0,0.0,0,,Bench,South Africa,15-Sep-18,34,36,75,57,Non-Win
Liam Squire,Blindside,80,0,1,1,10,43,0,0,1,7,1,0.0,2,1.0,0.0,5,,Starter,Ireland,6-Nov-16,29,40,49,51,Non-Win
Liam Squire,Blindside,74,0,0,0,1,0,0,0,0,15,2,0.0,0,1.0,0.0,1,,Starter,Australia,21-Oct-17,18,23,43,52,Non-Win
Liam Squire,Blindside,58,0,0,0,8,8,2,0,1,7,0,1.0,0,1.0,0.0,3,,Starter,South Africa,15-Sep-18,34,36,75,57,Non-Win
Liam Squire,Blindside,31,0,0,0,5,2,0,0,0,3,0,0.0,0,1.0,0.0,2,,Starter,Scotland,18-Nov-18,9,16,48,52,Non-Win
Lima Sopoaga,First Five,60,0,0,0,8,15,2,0,0,5,2,0.0,1,0.0,11.0,10,,Starter,Australia,21-Oct-17,18,23,43,52,Non-Win
Luke Jacobson,Number 8,50,0,0,0,4,7,0,0,0,10,0,,0,0.0,,3,,Starter,South Africa,2-Oct-21,29,31,47,43,Non-Win
Luke Jacobson,Blindside,39,0,0,0,5,6,0,0,0,6,1,0.0,0,0.0,0.0,3,0.0,Starter,South Africa,26-Aug-23,7,35,53,49,Non-Win
Luke Jacobson,Number 8,24,0,0,0,3,6,0,0,0,2,0,0.0,0,0.0,0.0,3,0.0,Bench,France,9-Sep-23,13,27,48,39,Non-Win
Malakai Fekitoa,Center,54,0,0,1,7,30,0,0,0,3,1,1.0,1,0.0,0.0,10,,Bench,Ireland,6-Nov-16,29,40,49,51,Non-Win
Malakai Fekitoa,Center,14,0,0,0,2,19,1,0,0,2,0,0.0,0,0.0,0.0,0,,Bench,Lions,8-Jul-17,15,15,51,56,Non-Win
Mark Telea,Wing,80,0,0,0,9,55,1,0,1,5,0,1.0,0,1.0,0.0,2,0.0,Starter,England,20-Nov-22,25,25,46,40,Non-Win
Mark Telea,Wing,80,0,0,0,17,89,11,2,2,5,1,0.0,1,1.0,0.0,4,1.0,Starter,South Africa,26-Aug-23,7,35,53,49,Non-Win
Mark Telea,Wing,71,2,0,0,16,114,11,3,0,5,1,0.0,3,1.0,1.0,1,0.0,Starter,France,9-Sep-23,13,27,48,39,Non-Win
Mark Telea,Wing,80,0,1,1,21,60,9,1,1,5,1,0.0,1,0.0,1.0,6,0.0,Starter,South Africa,29-Oct-23,11,12,60,51,Non-Win
Matt Todd,Openside,7,0,0,0,2,4,0,0,0,0,0,0.0,0,0.0,0.0,0,,Bench,Scotland,18-Nov-18,9,16,48,52,Non-Win
Matt Todd,Openside,80,0,0,0,7,20,1,2,2,14,0,,1,0.0,,5,,Starter,South Africa,27-Jul-19,16,16,57,59,Non-Win
Matt Todd,Openside,9,0,0,0,3,3,0,0,0,2,0,,0,0.0,,0,,Bench,Australia,10-Aug-19,26,47,35,24,Non-Win
Nathan Harris,Hooker,1,0,0,0,0,0,0,0,0,2,0,0.0,0,0.0,0.0,0,,Bench,Lions,1-Jul-17,21,24,61,58,Non-Win
Nathan Harris,Hooker,8,0,0,0,0,0,0,0,0,0,0,0.0,0,0.0,0.0,0,,Bench,Lions,8-Jul-17,15,15,51,56,Non-Win
Nepo Laulala,Prop,50,0,0,0,1,0,0,0,0,5,0,0.0,0,1.0,0.0,1,,Starter,Australia,21-Oct-17,18,23,43,52,Non-Win
Nepo Laulala,Prop,34,0,0,0,3,0,0,0,0,0,0,0.0,0,0.0,0.0,0,,Bench,Scotland,18-Nov-18,9,16,48,52,Non-Win
Nepo Laulala,Prop,55,0,0,0,2,1,0,0,0,5,1,,1,1.0,,0,,Starter,England,26-Oct-19,7,19,44,38,Non-Win
Nepo Laulala,Prop,23,0,0,0,4,11,0,0,0,0,0,,0,0.0,,0,,Bench,Argentina,14-Nov-20,15,25,45,46,Non-Win
Nepo Laulala,Prop,58,0,0,0,5,0,0,0,1,3,2,,0,1.0,,2,,Starter,South Africa,2-Oct-21,29,31,47,43,Non-Win
Nepo Laulala,Prop,54,0,0,0,0,0,0,0,0,13,5,,1,2.0,,1,,Starter,Ireland,14-Nov-21,20,29,40,35,Non-Win
Nepo Laulala,Prop,48,0,0,0,4,4,0,0,0,6,1,,1,0.0,,0,,Starter,France,21-Nov-21,25,40,53,47,Non-Win
Nepo Laulala,Prop,76,0,0,0,9,5,1,0,0,11,3,0.0,1,0.0,0.0,3,1.0,Starter,Ireland,16-Jul-22,22,32,49,57,Non-Win
Nepo Laulala,Prop,23,0,0,0,0,0,0,0,0,2,2,0.0,0,0.0,0.0,0,0.0,Bench,England,20-Nov-22,25,25,46,40,Non-Win
Nepo Laulala,Prop,52,0,0,0,7,9,0,0,0,2,1,0.0,0,0.0,0.0,2,0.0,Starter,France,9-Sep-23,13,27,48,39,Non-Win
Nepo Laulala,Prop,155,0,0,0,3,2,0,0,0,1,0,0.0,0,0.0,0.0,0,0.0,Bench,South Africa,29-Oct-23,11,12,60,51,Non-Win
Ngani Laumape,Second Five,54,0,0,0,4,23,0,0,0,3,2,0.0,1,0.0,0.0,0,,Bench,Lions,1-Jul-17,21,24,61,58,Non-Win
Ngani Laumape,Second Five,66,1,0,1,5,69,0,2,1,5,2,0.0,2,0.0,1.0,6,,Starter,Lions,8-Jul-17,15,15,51,56,Non-Win
Ngani Laumape,Second Five,61,1,0,0,7,54,3,2,0,9,0,,1,0.0,,4,,Bench,Australia,10-Aug-19,26,47,35,24,Non-Win
Ngani Laumape,Second Five,67,0,1,1,6,11,1,0,0,5,0,0.0,0,0.0,1.0,3,,Starter,Australia,7-Nov-20,22,24,48,49,Non-Win
Ofa Tu'ungafasi,Prop,21,0,0,0,2,0,0,0,0,0,1,0.0,0,0.0,0.0,2,,Bench,Ireland,6-Nov-16,29,40,49,51,Non-Win
Ofa Tu'ungafasi,Prop,30,0,0,0,4,7,0,0,0,7,2,1.0,0,2.0,0.0,1,,Bench,Australia,21-Oct-17,18,23,43,52,Non-Win
Ofa Tu'ungafasi,Prop,33,0,0,0,14,13,0,0,0,2,0,0.0,1,0.0,0.0,0,,Bench,South Africa,15-Sep-18,34,36,75,57,Non-Win
Ofa Tu'ungafasi,Prop,34,0,0,0,5,3,0,0,0,0,0,0.0,0,1.0,0.0,2,,Bench,Scotland,18-Nov-18,9,16,48,52,Non-Win
Ofa Tu'ungafasi,Prop,35,0,0,0,6,7,1,0,0,5,0,,2,2.0,,0,,Bench,South Africa,27-Jul-19,16,16,57,59,Non-Win
Ofa Tu'ungafasi,Prop,17,0,0,0,0,0,0,0,0,0,0,,0,0.0,,2,,Bench,England,26-Oct-19,7,19,44,38,Non-Win
Ofa Tu'ungafasi,Prop,22,0,0,0,3,4,0,0,0,1,2,0.0,1,2.0,0.0,0,,Starter,Australia,7-Nov-20,22,24,48,49,Non-Win
Ofa Tu'ungafasi,Prop,22,0,0,0,4,1,0,0,1,3,1,,0,1.0,,1,,Bench,South Africa,2-Oct-21,29,31,47,43,Non-Win
Ofa Tu'ungafasi,Prop,32,0,0,0,1,2,0,0,0,5,4,,0,0.0,,0,,Bench,France,21-Nov-21,25,40,53,47,Non-Win
Ofa Tu'ungafasi,Prop,70,0,0,0,14,6,0,0,0,9,2,1.0,0,4.0,0.0,3,1.0,Starter,Ireland,9-Jul-22,12,23,53,38,Non-Win
Ofa Tu'ungafasi,Prop,4,0,0,0,1,0,0,0,0,0,0,0.0,0,0.0,0.0,1,0.0,Bench,Ireland,16-Jul-22,22,32,49,57,Non-Win
Ofa Tu'ungafasi,Prop,28,0,0,0,1,0,0,0,0,2,1,0.0,0,1.0,0.0,3,0.0,Bench,France,9-Sep-23,13,27,48,39,Non-Win
Owen Franks,Prop,59,0,0,0,4,4,0,0,0,5,1,0.0,0,0.0,0.0,2,,Starter,Ireland,6-Nov-16,29,40,49,51,Non-Win
Owen Franks,Prop,52,0,0,0,1,0,0,0,0,5,1,0.0,0,1.0,0.0,0,,Starter,Lions,1-Jul-17,21,24,61,58,Non-Win
Owen Franks,Prop,57,0,0,0,1,0,0,0,0,10,0,0.0,0,1.0,0.0,0,,Starter,Lions,8-Jul-17,15,15,51,56,Non-Win
Owen Franks,Prop,47,0,0,0,3,0,0,0,0,2,1,0.0,0,0.0,0.0,3,,Starter,South Africa,15-Sep-18,34,36,75,57,Non-Win
Owen Franks,Prop,46,0,0,0,4,1,0,0,0,17,1,0.0,0,1.0,0.0,0,,Starter,Scotland,18-Nov-18,9,16,48,52,Non-Win
Owen Franks,Prop,45,0,0,0,1,0,0,0,0,6,2,,0,0.0,,0,,Starter,South Africa,27-Jul-19,16,16,57,59,Non-Win
Owen Franks,Prop,50,0,0,0,0,0,0,0,0,14,2,,0,1.0,,0,,Starter,Australia,10-Aug-19,26,47,35,24,Non-Win
Patrick Tuipulotu,Lock,59,0,0,0,4,5,0,0,0,4,1,0.0,1,0.0,0.0,2,,Starter,Ireland,6-Nov-16,29,40,49,51,Non-Win
Patrick Tuipulotu,Lock,20,0,0,0,0,0,0,0,0,2,1,0.0,1,0.0,0.0,1,,Bench,Australia,21-Oct-17,18,23,43,52,Non-Win
Patrick Tuipulotu,Lock,22,0,0,0,7,12,0,0,1,0,0,0.0,2,0.0,0.0,1,,Bench,South Africa,15-Sep-18,34,36,75,57,Non-Win
Patrick Tuipulotu,Lock,30,0,0,0,6,2,0,0,0,0,1,,1,0.0,,4,,Bench,Australia,10-Aug-19,26,47,35,24,Non-Win
Patrick Tuipulotu,Lock,13,0,0,0,2,5,0,0,0,0,0,,0,0.0,,0,,Bench,England,26-Oct-19,7,19,44,38,Non-Win
Patrick Tuipulotu,Lock,70,0,0,0,3,5,0,0,0,4,2,,2,0.0,,3,,Starter,Argentina,14-Nov-20,15,25,45,46,Non-Win
Patrick Tuipulotu,Lock,40,0,0,0,4,7,0,0,0,1,0,,0,1.0,,0,,Bench,South Africa,2-Oct-21,29,31,47,43,Non-Win
Patrick Tuipulotu,Lock,19,0,0,0,4,6,0,0,0,1,0,0.0,0,0.0,0.0,0,0.0,Bench,Ireland,9-Jul-22,12,23,53,38,Non-Win
Pita Gus Sowakula,Number 8,12,0,0,0,2,0,1,0,0,1,0,0.0,1,0.0,0.0,0,0.0,Bench,Ireland,9-Jul-22,12,23,53,38,Non-Win
Quinn Tupaea,Second Five,80,0,1,1,7,33,3,0,0,8,2,,2,3.0,,0,,Starter,France,21-Nov-21,25,40,53,47,Non-Win
Quinn Tupaea,Second Five,80,0,0,0,7,19,0,0,0,7,0,0.0,1,0.0,0.0,6,1.0,Starter,Ireland,9-Jul-22,12,23,53,38,Non-Win
Quinn Tupaea,Second Five,19,0,0,0,3,13,0,0,0,2,0,0.0,0,1.0,0.0,0,0.0,Bench,South Africa,7-Aug-22,10,26,45,31,Non-Win
Quinn Tupaea,Second Five,11,0,0,0,5,10,0,0,0,0,0,0.0,0,0.0,0.0,0,0.0,Bench,Argentina,27-Aug-22,18,25,60,59,Non-Win
Richie Mo'unga,First Five,25,0,0,0,5,5,0,0,0,0,0,0.0,1,0.0,4.0,15,,Bench,Scotland,18-Nov-18,9,16,48,52,Non-Win
Richie Mo'unga,First Five,80,0,0,0,14,32,1,1,1,4,0,,2,0.0,,39,,Starter,South Africa,27-Jul-19,16,16,57,59,Non-Win
Richie Mo'unga,First Five,80,0,1,2,12,59,6,2,2,12,0,,1,0.0,,32,,Starter,Australia,10-Aug-19,26,47,35,24,Non-Win
Richie Mo'unga,First Five,80,0,0,0,14,60,5,1,1,5,2,,1,0.0,,26,,Starter,England,26-Oct-19,7,19,44,38,Non-Win
Richie Mo'unga,First Five,80,0,0,1,8,31,4,0,0,9,1,,2,2.0,,25,,Starter,Argentina,14-Nov-20,15,25,45,46,Non-Win
Richie Mo'unga,First Five,14,0,0,0,3,2,0,0,0,0,0,,1,0.0,,0,,Bench,South Africa,2-Oct-21,29,31,47,43,Non-Win
Richie Mo'unga,First Five,58,0,0,0,4,5,1,0,1,15,0,,0,0.0,,14,,Bench,Ireland,14-Nov-21,20,29,40,35,Non-Win
Richie Mo'unga,First Five,71,0,0,0,8,67,1,0,1,4,1,,0,1.0,,0,,Starter,France,21-Nov-21,25,40,53,47,Non-Win
Richie Mo'unga,First Five,24,0,0,1,3,7,0,0,0,4,0,0.0,0,0.0,0.0,7,1.0,Bench,Ireland,9-Jul-22,12,23,53,38,Non-Win
Richie Mo'unga,First Five,19,0,0,0,4,4,0,0,0,2,0,0.0,0,0.0,2.0,6,0.0,Bench,Ireland,16-Jul-22,22,32,49,57,Non-Win
Richie Mo'unga,First Five,29,0,0,0,2,6,1,0,1,2,0,0.0,0,0.0,2.0,10,0.0,Bench,South Africa,7-Aug-22,10,26,45,31,Non-Win
Richie Mo'unga,First Five,80,0,0,0,17,99,2,0,0,6,2,0.0,1,1.0,4.0,18,1.0,Starter,Argentina,27-Aug-22,18,25,60,59,Non-Win
Richie Mo'unga,First Five,80,0,0,0,10,45,8,1,1,9,2,0.0,3,0.0,3.0,10,1.0,Starter,England,20-Nov-22,25,25,46,40,Non-Win
Richie Mo'unga,First Five,80,0,0,0,15,29,2,0,1,7,2,0.0,3,0.0,5.0,17,0.0,Starter,South Africa,26-Aug-23,7,35,53,49,Non-Win
Richie Mo'unga,First Five,80,0,0,1,11,93,4,0,2,1,1,1.0,2,0.0,7.0,21,0.0,Starter,France,9-Sep-23,13,27,48,39,Non-Win
Richie Mo'unga,First Five,74,0,0,1,4,30,4,0,0,4,0,0.0,2,0.0,7.0,26,0.0,Starter,South Africa,29-Oct-23,11,12,60,51,Non-Win
Rieko Ioane,Wing,80,0,0,0,4,21,0,0,0,2,1,0.0,1,0.0,0.0,2,,Starter,Lions,1-Jul-17,21,24,61,58,Non-Win
Rieko Ioane,Wing,71,1,0,0,7,48,1,2,0,0,1,0.0,0,1.0,0.0,2,,Starter,Australia,21-Oct-17,18,23,43,52,Non-Win
Rieko Ioane,Wing,80,2,0,0,13,27,6,5,0,6,2,0.0,3,1.0,0.0,0,,Starter,South Africa,15-Sep-18,34,36,75,57,Non-Win
Rieko Ioane,Wing,80,0,0,0,7,58,3,1,1,2,3,0.0,1,0.0,0.0,3,,Starter,Scotland,18-Nov-18,9,16,48,52,Non-Win
Rieko Ioane,Wing,61,0,0,0,9,22,0,0,1,2,1,,3,1.0,,3,,Starter,South Africa,27-Jul-19,16,16,57,59,Non-Win
Rieko Ioane,Wing,80,1,0,0,11,54,0,2,2,4,3,,0,0.0,,9,,Starter,Australia,10-Aug-19,26,47,35,24,Non-Win
Rieko Ioane,Wing,80,1,0,0,10,45,3,1,0,6,3,0.0,2,1.0,0.0,7,,Starter,Australia,7-Nov-20,22,24,48,49,Non-Win
Rieko Ioane,Wing,40,0,0,0,4,11,3,0,0,0,0,,1,0.0,,3,,Bench,Argentina,14-Nov-20,15,25,45,46,Non-Win
Rieko Ioane,Wing,80,0,1,1,5,48,5,1,3,3,0,,1,0.0,,7,,Starter,South Africa,2-Oct-21,29,31,47,43,Non-Win
Rieko Ioane,Center,80,0,1,1,6,27,1,0,0,12,2,,0,2.0,,4,,Starter,Ireland,14-Nov-21,20,29,40,35,Non-Win
Rieko Ioane,Center,80,1,0,0,11,155,2,1,2,0,1,,0,0.0,,0,,Starter,France,21-Nov-21,25,40,53,47,Non-Win
Rieko Ioane,Center,80,0,0,0,6,64,0,0,0,6,0,0.0,2,0.0,0.0,2,0.0,Starter,Ireland,9-Jul-22,12,23,53,38,Non-Win
Rieko Ioane,Center,69,0,0,0,5,21,0,0,0,3,0,0.0,1,1.0,0.0,4,0.0,Starter,Ireland,16-Jul-22,22,32,49,57,Non-Win
Rieko Ioane,Center,67,0,0,0,3,22,5,0,0,2,0,0.0,1,0.0,0.0,1,0.0,Starter,South Africa,7-Aug-22,10,26,45,31,Non-Win
Rieko Ioane,Center,69,0,0,1,10,36,1,0,0,3,0,0.0,3,0.0,0.0,2,0.0,Starter,Argentina,27-Aug-22,18,25,60,59,Non-Win
Rieko Ioane,Center,80,1,0,0,10,98,2,0,1,10,3,0.0,3,2.0,0.0,2,1.0,Starter,England,20-Nov-22,25,25,46,40,Non-Win
Rieko Ioane,Center,80,0,0,0,8,26,2,0,0,8,1,0.0,0,0.0,0.0,3,0.0,Starter,South Africa,26-Aug-23,7,35,53,49,Non-Win
Rieko Ioane,Center,80,0,1,1,8,56,4,1,0,8,1,0.0,0,0.0,0.0,2,0.0,Starter,France,9-Sep-23,13,27,48,39,Non-Win
Rieko Ioane,Center,80,0,0,0,8,58,3,0,0,1,0,0.0,2,0.0,0.0,0,0.0,Starter,South Africa,29-Oct-23,11,12,60,51,Non-Win
Roger Tuivasa-Sheck,Second Five,11,0,0,0,1,3,0,0,0,2,0,0.0,0,0.0,0.0,1,0.0,Bench,Ireland,16-Jul-22,22,32,49,57,Non-Win
Ryan Crotty,Second Five,26,0,0,1,0,0,0,0,0,5,0,0.0,0,0.0,0.0,1,,Starter,Ireland,6-Nov-16,29,40,49,51,Non-Win
Ryan Crotty,Center,69,0,0,0,2,12,1,1,0,3,4,0.0,2,0.0,0.0,4,,Starter,Australia,21-Oct-17,18,23,43,52,Non-Win
Ryan Crotty,Second Five,80,0,0,1,14,27,3,0,0,3,2,0.0,0,0.0,0.0,11,,Starter,South Africa,15-Sep-18,34,36,75,57,Non-Win
Ryan Crotty,Second Five,61,0,0,0,5,19,2,0,1,20,0,0.0,0,0.0,0.0,7,,Starter,Scotland,18-Nov-18,9,16,48,52,Non-Win
Sam Cane,Openside,80,0,0,0,7,15,2,0,0,11,0,0.0,0,0.0,0.0,9,,Starter,Ireland,6-Nov-16,29,40,49,51,Non-Win
Sam Cane,Openside,63,0,0,0,5,3,0,0,0,6,1,0.0,0,0.0,0.0,2,,Starter,Lions,1-Jul-17,21,24,61,58,Non-Win
Sam Cane,Openside,59,0,0,0,6,6,0,0,0,10,1,0.0,2,0.0,0.0,3,,Starter,Lions,8-Jul-17,15,15,51,56,Non-Win
Sam Cane,Openside,80,0,0,0,7,5,0,0,1,27,4,2.0,1,1.0,0.0,5,,Starter,Australia,21-Oct-17,18,23,43,52,Non-Win
Sam Cane,Openside,68,0,0,0,11,10,1,0,1,5,1,1.0,1,0.0,0.0,11,,Starter,South Africa,15-Sep-18,34,36,75,57,Non-Win
Sam Cane,Openside,50,0,0,0,1,0,0,0,0,14,1,,1,0.0,,0,,Starter,Australia,10-Aug-19,26,47,35,24,Non-Win
Sam Cane,Openside,39,0,0,0,4,2,0,0,0,0,0,,0,2.0,,4,,Bench,England,26-Oct-19,7,19,44,38,Non-Win
Sam Cane,Openside,78,0,0,0,8,40,1,0,2,12,3,0.0,1,0.0,0.0,9,,Starter,Australia,7-Nov-20,22,24,48,49,Non-Win
Sam Cane,Openside,80,1,0,0,8,16,0,0,1,10,3,,1,0.0,,4,,Starter,Argentina,14-Nov-20,15,25,45,46,Non-Win
Sam Cane,Openside,80,0,0,0,4,3,0,0,1,16,2,,0,0.0,,0,,Starter,France,21-Nov-21,25,40,53,47,Non-Win
Sam Cane,Openside,70,0,0,0,9,10,0,0,0,14,1,0.0,0,1.0,0.0,4,0.0,Starter,Ireland,9-Jul-22,12,23,53,38,Non-Win
Sam Cane,Openside,63,0,0,0,6,17,1,0,1,13,0,1.0,1,2.0,0.0,7,0.0,Starter,Ireland,16-Jul-22,22,32,49,57,Non-Win
Sam Cane,Openside,80,0,0,0,2,1,0,0,0,10,2,1.0,0,1.0,0.0,6,0.0,Starter,South Africa,7-Aug-22,10,26,45,31,Non-Win
Sam Cane,Openside,65,0,0,0,4,2,0,0,0,8,0,0.0,1,2.0,0.0,4,1.0,Starter,Argentina,27-Aug-22,18,25,60,59,Non-Win
Sam Cane,Openside,52,0,0,0,9,5,0,0,1,7,1,0.0,1,1.0,0.0,3,0.0,Starter,South Africa,26-Aug-23,7,35,53,49,Non-Win
Sam Cane,Openside,26,0,0,0,1,0,0,0,0,8,1,0.0,0,1.0,0.0,2,1.0,Starter,South Africa,29-Oct-23,11,12,60,51,Non-Win
Sam Whitelock,Lock,72,0,0,0,3,0,0,0,1,6,0,0.0,0,1.0,0.0,2,,Starter,Lions,1-Jul-17,21,24,61,58,Non-Win
Sam Whitelock,Lock,77,0,0,0,4,4,0,0,0,12,1,0.0,2,0.0,0.0,4,,Starter,Lions,8-Jul-17,15,15,51,56,Non-Win
Sam Whitelock,Lock,80,0,0,0,7,4,0,0,0,15,1,0.0,0,0.0,0.0,0,,Starter,Australia,21-Oct-17,18,23,43,52,Non-Win
Sam Whitelock,Lock,80,0,0,0,11,14,0,0,0,8,0,0.0,0,0.0,0.0,5,,Starter,South Africa,15-Sep-18,34,36,75,57,Non-Win
Sam Whitelock,Lock,80,0,0,0,9,17,1,1,0,16,2,1.0,0,3.0,0.0,1,,Starter,Scotland,18-Nov-18,9,16,48,52,Non-Win
Sam Whitelock,Lock,80,0,0,0,7,12,0,0,0,6,1,,0,0.0,,4,,Starter,South Africa,27-Jul-19,16,16,57,59,Non-Win
Sam Whitelock,Lock,71,0,0,0,4,7,0,0,0,17,4,,0,0.0,,1,,Starter,Australia,10-Aug-19,26,47,35,24,Non-Win
Sam Whitelock,Lock,67,0,0,0,3,0,0,0,1,10,1,,0,2.0,,2,,Starter,England,26-Oct-19,7,19,44,38,Non-Win
Sam Whitelock,Lock,80,0,0,0,8,3,0,0,1,6,2,0.0,1,0.0,0.0,6,,Starter,Australia,7-Nov-20,22,24,48,49,Non-Win
Sam Whitelock,Lock,80,0,0,0,7,2,0,0,0,12,1,,2,1.0,,11,,Starter,Argentina,14-Nov-20,15,25,45,46,Non-Win
Sam Whitelock,Lock,80,0,0,0,4,3,0,0,1,21,0,,1,0.0,,3,,Starter,Ireland,14-Nov-21,20,29,40,35,Non-Win
Sam Whitelock,Lock,64,0,0,0,5,2,0,0,1,8,0,,0,1.0,,0,,Starter,France,21-Nov-21,25,40,53,47,Non-Win
Sam Whitelock,Lock,80,0,0,0,7,8,2,0,0,7,0,1.0,1,1.0,0.0,7,1.0,Starter,Ireland,16-Jul-22,22,32,49,57,Non-Win
Sam Whitelock,Lock,80,0,0,0,4,13,1,0,1,6,0,0.0,0,0.0,0.0,9,0.0,Starter,South Africa,7-Aug-22,10,26,45,31,Non-Win
Sam Whitelock,Lock,80,0,0,0,6,1,0,0,0,6,0,0.0,1,2.0,0.0,2,0.0,Starter,Argentina,27-Aug-22,18,25,60,59,Non-Win
Sam Whitelock,Lock,80,0,0,0,8,24,1,0,0,16,2,0.0,0,1.0,0.0,2,0.0,Starter,England,20-Nov-22,25,25,46,40,Non-Win
Sam Whitelock,Lock,50,0,0,0,3,7,0,0,1,2,0,0.0,0,3.0,0.0,4,0.0,Starter,South Africa,26-Aug-23,7,35,53,49,Non-Win
Sam Whitelock,Lock,68,0,0,0,2,1,1,0,0,5,1,1.0,1,1.0,0.0,5,0.0,Starter,France,9-Sep-23,13,27,48,39,Non-Win
Sam Whitelock,Lock,26,0,0,0,0,0,0,0,1,2,0,0.0,0,0.0,0.0,3,0.0,Bench,South Africa,29-Oct-23,11,12,60,51,Non-Win
Samisoni Taukei'aho,Hooker,32,0,0,0,5,18,3,0,0,3,0,,0,1.0,,0,,Bench,France,21-Nov-21,25,40,53,47,Non-Win
Samisoni Taukei'aho,Hooker,24,0,0,0,9,21,1,0,0,2,0,0.0,0,0.0,0.0,0,0.0,Bench,Ireland,9-Jul-22,12,23,53,38,Non-Win
Samisoni Taukei'aho,Hooker,55,0,0,0,6,15,2,0,1,6,1,1.0,0,1.0,0.0,1,0.0,Starter,South Africa,7-Aug-22,10,26,45,31,Non-Win
Samisoni Taukei'aho,Hooker,44,1,0,1,9,12,1,0,0,8,0,0.0,0,0.0,0.0,3,1.0,Starter,Argentina,27-Aug-22,18,25,60,59,Non-Win
Samisoni Taukei'aho,Hooker,23,0,0,0,0,0,0,0,0,4,1,0.0,0,0.0,0.0,0,1.0,Bench,England,20-Nov-22,25,25,46,40,Non-Win
Samisoni Taukei'aho,Hooker,40,0,0,0,17,24,3,0,1,2,0,0.0,2,0.0,0.0,1,0.0,Bench,South Africa,26-Aug-23,7,35,53,49,Non-Win
Samisoni Taukei'aho,Hooker,24,0,0,0,8,7,0,0,0,0,0,0.0,0,1.0,0.0,2,0.0,Bench,France,9-Sep-23,13,27,48,39,Non-Win
Samisoni Taukei'aho,Hooker,15,0,0,0,3,5,0,0,0,2,0,0.0,0,0.0,0.0,0,0.0,Bench,South Africa,29-Oct-23,11,12,60,51,Non-Win
Scott Barrett,Lock,35,1,0,0,4,38,2,1,0,1,0,0.0,0,0.0,0.0,1,,Bench,Ireland,6-Nov-16,29,40,49,51,Non-Win
Scott Barrett,Lock,8,0,0,0,2,3,1,0,0,2,0,0.0,0,0.0,0.0,0,,Bench,Lions,1-Jul-17,21,24,61,58,Non-Win
Scott Barrett,Lock,3,0,0,0,0,0,0,0,0,0,0,0.0,0,0.0,0.0,0,,Bench,Lions,8-Jul-17,15,15,51,56,Non-Win
Scott Barrett,Lock,60,0,0,0,3,1,0,0,0,5,1,1.0,0,0.0,0.0,3,,Starter,Australia,21-Oct-17,18,23,43,52,Non-Win
Scott Barrett,Lock,80,0,0,0,11,20,0,0,0,4,0,0.0,3,1.0,0.0,3,,Starter,South Africa,15-Sep-18,34,36,75,57,Non-Win
Scott Barrett,Lock,49,0,0,0,7,5,0,0,0,0,0,1.0,1,0.0,0.0,0,,Bench,Scotland,18-Nov-18,9,16,48,52,Non-Win
Scott Barrett,Lock,40,0,0,0,2,0,0,0,0,10,2,,1,1.0,,2,,Starter,Australia,10-Aug-19,26,47,35,24,Non-Win
Scott Barrett,Blindside,41,0,0,0,4,13,0,0,0,8,2,,0,1.0,,4,,Starter,England,26-Oct-19,7,19,44,38,Non-Win
Scott Barrett,Lock,68,0,0,0,6,5,0,0,0,9,1,0.0,0,3.0,0.0,2,,Starter,Australia,7-Nov-20,22,24,48,49,Non-Win
Scott Barrett,Lock,40,0,0,0,3,5,0,0,0,3,0,,0,2.0,,1,,Starter,South Africa,2-Oct-21,29,31,47,43,Non-Win
Scott Barrett,Lock,73,0,0,0,6,6,0,0,0,9,2,0.0,2,0.0,0.0,6,0.0,Starter,Ireland,9-Jul-22,12,23,53,38,Non-Win
Scott Barrett,Lock,72,0,0,0,3,5,1,0,1,7,0,1.0,1,1.0,0.0,3,1.0,Starter,South Africa,7-Aug-22,10,26,45,31,Non-Win
Scott Barrett,Lock,80,0,0,0,9,17,0,0,0,8,0,0.0,1,2.0,0.0,4,0.0,Starter,Argentina,27-Aug-22,18,25,60,59,Non-Win
Scott Barrett,Blindside,67,0,0,0,2,3,1,0,0,11,1,0.0,0,0.0,0.0,2,0.0,Starter,England,20-Nov-22,25,25,46,40,Non-Win
Scott Barrett,Lock,28,0,0,0,1,0,0,0,1,3,0,1.0,0,0.0,0.0,2,0.0,Starter,South Africa,26-Aug-23,7,35,53,49,Non-Win
Scott Barrett,Lock,80,0,0,1,14,34,5,0,1,11,1,2.0,1,0.0,0.0,5,0.0,Starter,France,9-Sep-23,13,27,48,39,Non-Win
Scott Barrett,Lock,80,0,0,0,10,3,0,0,0,10,1,0.0,0,0.0,0.0,6,2.0,Starter,South Africa,29-Oct-23,11,12,60,51,Non-Win
Sevu Reece,Wing,80,0,0,0,11,65,3,2,2,4,0,,2,0.0,,8,,Starter,England,26-Oct-19,7,19,44,38,Non-Win
Sevu Reece,Wing,80,0,0,0,9,71,6,3,0,4,2,0.0,0,2.0,0.0,3,,Starter,Australia,7-Nov-20,22,24,48,49,Non-Win
Sevu Reece,Wing,80,1,0,0,3,32,0,1,0,3,1,,1,0.0,,2,,Starter,South Africa,2-Oct-21,29,31,47,43,Non-Win
Sevu Reece,Wing,80,0,0,0,7,32,1,0,1,11,4,,3,0.0,,5,,Starter,Ireland,14-Nov-21,20,29,40,35,Non-Win
Sevu Reece,Wing,80,0,0,0,7,9,2,0,0,3,0,2.0,0,1.0,1.0,1,0.0,Starter,Ireland,9-Jul-22,12,23,53,38,Non-Win
Sevu Reece,Wing,61,0,0,0,4,24,2,0,1,2,0,0.0,0,0.0,0.0,1,0.0,Starter,Ireland,16-Jul-22,22,32,49,57,Non-Win
Shannon Frizell,Blindside,77,0,0,0,6,16,1,1,2,8,1,,0,0.0,,5,,Starter,South Africa,27-Jul-19,16,16,57,59,Non-Win
Shannon Frizell,Blindside,49,0,0,0,9,7,1,0,0,4,1,,1,1.0,,1,,Starter,Argentina,14-Nov-20,15,25,45,46,Non-Win
Shannon Frizell,Blindside,19,0,0,0,4,9,0,0,0,3,2,,0,0.0,,0,,Bench,France,21-Nov-21,25,40,53,47,Non-Win
Shannon Frizell,Blindside,25,1,0,0,5,7,1,0,0,3,0,0.0,1,1.0,0.0,0,0.0,Bench,South Africa,7-Aug-22,10,26,45,31,Non-Win
Shannon Frizell,Blindside,70,0,0,0,14,30,0,0,2,5,1,0.0,0,1.0,0.0,5,0.0,Starter,Argentina,27-Aug-22,18,25,60,59,Non-Win
Shannon Frizell,Blindside,13,0,0,0,4,4,0,0,0,1,0,0.0,0,0.0,0.0,0,0.0,Bench,England,20-Nov-22,25,25,46,40,Non-Win
Shannon Frizell,Blindside,44,0,0,0,8,16,1,1,0,1,1,0.0,0,1.0,0.0,2,0.0,Starter,South Africa,29-Oct-23,11,12,60,51,Non-Win
Sonny Bill Williams,Second Five,24,0,0,0,0,0,0,0,0,0,0,0.0,0,1.0,1.0,0,,Starter,Lions,1-Jul-17,21,24,61,58,Non-Win
Sonny Bill Williams,Second Five,80,0,0,1,14,17,2,0,5,9,1,2.0,1,1.0,1.0,9,,Starter,Australia,21-Oct-17,18,23,43,52,Non-Win
Sonny Bill Williams,Second Five,59,0,0,1,11,14,0,0,0,7,0,,2,1.0,,8,,Starter,South Africa,27-Jul-19,16,16,57,59,Non-Win
Sonny Bill Williams,Second Five,25,0,0,0,11,14,1,0,2,0,0,,0,0.0,,11,,Bench,England,26-Oct-19,7,19,44,38,Non-Win
Stephen Perofeta,First Five,1,0,0,0,0,0,0,0,0,0,0,0.0,0,0.0,0.0,0,0.0,Bench,Argentina,27-Aug-22,18,25,60,59,Non-Win
Tamaiti Williams,Prop,30,0,0,0,1,0,0,0,0,1,0,0.0,0,0.0,0.0,1,0.0,Bench,South Africa,26-Aug-23,7,35,53,49,Non-Win
Tamaiti Williams,Prop,15,0,0,0,0,0,0,0,0,0,0,0.0,0,0.0,0.0,0,0.0,Bench,South Africa,29-Oct-23,11,12,60,51,Non-Win
Tim Perry,Prop,22,0,0,0,3,2,0,0,0,1,0,0.0,0,0.0,0.0,0,,Bench,South Africa,15-Sep-18,34,36,75,57,Non-Win
TJ Perenara,Halfback,35,1,0,1,4,22,1,1,1,5,0,2.0,0,0.0,2.0,35,,Bench,Ireland,6-Nov-16,29,40,49,51,Non-Win
TJ Perenara,Halfback,15,0,0,0,0,0,0,0,0,2,1,0.0,0,0.0,0.0,19,,Bench,Lions,1-Jul-17,21,24,61,58,Non-Win
TJ Perenara,Halfback,7,0,0,0,1,0,0,0,0,0,0,0.0,2,0.0,0.0,8,,Bench,Lions,8-Jul-17,15,15,51,56,Non-Win
TJ Perenara,Halfback,16,0,0,1,2,7,1,0,0,1,1,0.0,0,0.0,4.0,24,,Bench,Australia,21-Oct-17,18,23,43,52,Non-Win
TJ Perenara,Halfback,31,0,0,1,4,19,0,1,0,1,0,0.0,0,0.0,2.0,56,,Bench,South Africa,15-Sep-18,34,36,75,57,Non-Win
TJ Perenara,Halfback,23,0,0,0,4,12,2,0,0,0,0,0.0,1,0.0,2.0,61,,Bench,Scotland,18-Nov-18,9,16,48,52,Non-Win
TJ Perenara,Halfback,59,0,0,1,6,12,0,0,1,2,0,,1,0.0,,62,,Starter,South Africa,27-Jul-19,16,16,57,59,Non-Win
TJ Perenara,Halfback,18,0,0,0,1,0,0,0,0,2,1,,0,0.0,,27,,Bench,Australia,10-Aug-19,26,47,35,24,Non-Win
TJ Perenara,Halfback,25,0,0,0,4,31,0,1,1,0,0,,1,0.0,,42,,Bench,England,26-Oct-19,7,19,44,38,Non-Win
TJ Perenara,Halfback,76,0,0,1,2,0,1,0,0,6,1,0.0,0,1.0,6.0,65,,Starter,Australia,7-Nov-20,22,24,48,49,Non-Win
TJ Perenara,Halfback,22,0,0,0,0,0,0,0,0,0,0,,0,0.0,,20,,Bench,South Africa,2-Oct-21,29,31,47,43,Non-Win
TJ Perenara,Halfback,80,0,0,1,3,18,0,0,0,6,0,,0,0.0,,39,,Starter,Ireland,14-Nov-21,20,29,40,35,Non-Win
TJ Perenara,Halfback,18,0,0,0,0,0,0,0,0,1,0,0.0,0,0.0,1.0,9,0.0,Bench,England,20-Nov-22,25,25,46,40,Non-Win
Tupou Vaa'i,Lock,2,1,0,0,0,0,0,0,0,0,0,0.0,0,0.0,0.0,0,,Bench,Australia,7-Nov-20,22,24,48,49,Non-Win
Tupou Vaa'i,Lock,10,0,0,0,2,6,0,0,0,4,0,,0,0.0,,0,,Bench,Argentina,14-Nov-20,15,25,45,46,Non-Win
Tupou Vaa'i,Lock,0,0,0,0,0,0,0,0,0,0,0,,0,0.0,,0,,Bench,Ireland,14-Nov-21,20,29,40,35,Non-Win
Tupou Vaa'i,Lock,16,0,0,0,2,6,0,0,0,3,0,,0,0.0,,0,,Bench,France,21-Nov-21,25,40,53,47,Non-Win
Tupou Vaa'i,Lock,30,0,0,0,7,15,2,0,0,0,0,0.0,0,0.0,0.0,0,0.0,Bench,Ireland,16-Jul-22,22,32,49,57,Non-Win
Tupou Vaa'i,Lock,8,0,0,0,1,2,0,0,0,1,0,0.0,0,0.0,0.0,0,0.0,Bench,South Africa,7-Aug-22,10,26,45,31,Non-Win
Tupou Vaa'i,Lock,0,0,0,0,0,0,0,0,0,0,0,0.0,0,0.0,0.0,0,0.0,Bench,Argentina,27-Aug-22,18,25,60,59,Non-Win
Tupou Vaa'i,Lock,41,0,0,0,7,20,1,0,2,2,1,0.0,1,1.0,0.0,5,0.0,Bench,South Africa,26-Aug-23,7,35,53,49,Non-Win
Tupou Vaa'i,Blindside,56,0,0,0,2,0,0,0,0,6,1,0.0,1,0.0,0.0,3,1.0,Starter,France,9-Sep-23,13,27,48,39,Non-Win
Tyrel Lomax,Prop,52,0,0,0,2,2,0,0,0,6,2,0.0,0,0.0,0.0,1,,Bench,Australia,7-Nov-20,22,24,48,49,Non-Win
Tyrel Lomax,Prop,57,0,0,0,2,1,0,0,0,15,1,,0,1.0,,0,,Starter,Argentina,14-Nov-20,15,25,45,46,Non-Win
Tyrel Lomax,Prop,27,0,0,0,3,6,0,0,0,1,0,,0,1.0,,0,,Bench,Ireland,14-Nov-21,20,29,40,35,Non-Win
Tyrel Lomax,Prop,33,0,0,0,0,0,0,0,0,1,1,0.0,0,1.0,0.0,0,0.0,Bench,South Africa,7-Aug-22,10,26,45,31,Non-Win
Tyrel Lomax,Prop,44,0,0,0,1,2,0,0,0,6,0,0.0,0,2.0,0.0,2,0.0,Starter,Argentina,27-Aug-22,18,25,60,59,Non-Win
Tyrel Lomax,Prop,57,0,0,0,2,0,0,0,0,6,1,0.0,0,1.0,0.0,0,0.0,Starter,England,20-Nov-22,25,25,46,40,Non-Win
Tyrel Lomax,Prop,13,0,0,0,0,0,0,0,0,1,0,0.0,0,2.0,0.0,0,0.0,Starter,South Africa,26-Aug-23,7,35,53,49,Non-Win
Tyrel Lomax,Prop,65,0,0,0,10,5,0,0,0,5,2,0.0,1,1.0,0.0,1,0.0,Starter,South Africa,29-Oct-23,11,12,60,51,Non-Win
Vaea Fifita,Blindside,19,0,0,0,5,4,1,0,1,1,0,,0,0.0,,1,,Bench,South Africa,27-Jul-19,16,16,57,59,Non-Win
Waisake Naholo,Wing,55,0,1,1,10,70,4,1,1,3,1,0.0,1,1.0,0.0,4,,Starter,Ireland,6-Nov-16,29,40,49,51,Non-Win
Waisake Naholo,Wing,59,0,0,0,7,31,1,0,0,3,1,0.0,0,0.0,0.0,2,,Starter,Lions,1-Jul-17,21,24,61,58,Non-Win
Waisake Naholo,Wing,80,1,0,0,7,49,1,3,2,3,1,1.0,1,1.0,1.0,6,,Starter,Australia,21-Oct-17,18,23,43,52,Non-Win
Will Jordan,Wing,3,0,0,0,0,0,0,0,0,1,0,0.0,0,0.0,0.0,0,,Bench,Australia,7-Nov-20,22,24,48,49,Non-Win
Will Jordan,Wing,80,1,0,0,7,50,2,3,1,4,1,,1,0.0,,2,,Starter,Ireland,14-Nov-21,20,29,40,35,Non-Win
Will Jordan,Wing,52,0,0,0,3,43,2,1,0,4,1,,0,0.0,,0,,Starter,France,21-Nov-21,25,40,53,47,Non-Win
Will Jordan,Wing,31,1,0,0,4,37,1,2,0,2,0,0.0,0,0.0,0.0,1,2.0,Bench,Ireland,9-Jul-22,12,23,53,38,Non-Win
Will Jordan,Wing,80,1,0,0,9,133,4,2,0,5,0,0.0,3,0.0,4.0,7,0.0,Starter,Ireland,16-Jul-22,22,32,49,57,Non-Win
Will Jordan,Wing,80,0,0,0,3,33,1,1,0,5,0,0.0,1,0.0,1.0,1,0.0,Starter,South Africa,7-Aug-22,10,26,45,31,Non-Win
Will Jordan,Wing,80,0,0,0,10,29,0,1,1,4,0,0.0,0,1.0,0.0,5,0.0,Starter,Argentina,27-Aug-22,18,25,60,59,Non-Win
Will Jordan,Wing,62,0,0,0,10,30,2,0,1,1,0,0.0,2,0.0,1.0,3,1.0,Starter,South Africa,26-Aug-23,7,35,53,49,Non-Win
Will Jordan,Wing,70,0,0,0,11,78,0,1,0,6,1,0.0,0,3.0,5.0,3,2.0,Starter,France,9-Sep-23,13,27,48,39,Non-Win
Will Jordan,Wing,70,0,0,0,4,13,1,0,1,8,2,0.0,3,0.0,2.0,7,4.0,Starter,South Africa,29-Oct-23,11,12,60,51,Non-Win
Wyatt Crockett,Prop,28,0,0,0,1,0,0,0,0,2,1,0.0,0,0.0,0.0,0,,Bench,Lions,1-Jul-17,21,24,61,58,Non-Win
Wyatt Crockett,Prop,23,0,0,0,1,0,0,0,0,1,0,0.0,1,2.0,0.0,0,,Bench,Lions,8-Jul-17,15,15,51,56,Non-Win
Wyatt Crockett,Prop,43,0,0,0,3,9,0,0,0,9,2,0.0,0,0.0,0.0,0,,Bench,Australia,21-Oct-17,18,23,43,52,Non-Win
